{"wheelCount": 170, "maxReps": 3620, "transX": -0.7486172441548459, "transY": 0.0724012263168692}
